Nombre,Localidad,Tipo de Atractivo,Ubicación,coord_x,coord_y
Academia Colombiana de Historia,Candelaria,3,CL 10 # 8 - 95,"-74,07759884307949","4,598203141164282"
Altar Mayor de la Iglesia de San Francisco,Santa Fe,3,CL 16 # 7 - 35,"-74,07317421540208","4,602234023087201"
Auditorio León de Greiff,Teusaquillo,3,KR 30 # 45 - 03 ED 104,"-74,08567411357879","4,638411290972897"
Balcón Palacio de San Carlos,Candelaria,3,CL 10 # 5 - 51,"-74,07481577070112","4,596368219008856"
Basílica del Voto Nacional,Los Mártires,3,KR 15 # 10 - 43,"-74,08244190152467","4,601627342503626"
Biblioteca El Tintal Manuel Zapata Olivella,Kennedy,3,AV Ciudad de Cali # 6C - 09,"-74,15468399985527","4,643050000145918"
Biblioteca Luis Ángel Arango - Biblioteca - Manzana Norte,Candelaria,3,CL 11 # 4 - 14,"-74,07282525494848","4,596999135181342"
Biblioteca Luis Ángel Arango - Manzana Norte y Sur,Candelaria,3,CL 11 # 4 - 14,"-74,07282525494848","4,596999135181342"
Biblioteca Nacional de Colombia,Santa Fe,3,CL 24 # 5 - 60,"-74,06868590076427","4,609708668518852"
Auditorio  - Biblioteca Fabio Lozano - Universidad Jorge Tadeo Lozano,Santa Fe,3,KR 4 # 22 - 61 MOD 21 ED Auditorio Biblioteca,"-74,06823305374134","4,606990298631593"
Calle 10 entre Carrera 3 y 9,Candelaria,3,CL 10 entre KR 3 y KR 9,"-74,07324499995151","4,595708999618781"
Calle del Embudo,Candelaria,3,Entre Plaza del Chorro de Quevedo y CL 14,"-74,06963869168385","4,597827000321939"
Capilla del Sagrario,Candelaria,3,KR 7 # 10 - 40,"-74,07534064464353","4,597576012809141"
Capilla La Bordadita,Candelaria,3,KR 14 # 6 - 25,"-74,08473230276692","4,597023578505513"
Capilla San Miguel del Príncipe,Candelaria,3,CL 13 con KR 2,"-74,06984600039354","4,597160000140352"
Capitolio Nacional,Candelaria,3,CL 10 # 7 - 50,"-74,07587849475024","4,59739594466031"
Carrera Séptima entre Calles 7 y 14,Candelaria,3,KR 7 entre CL 7 y 14,"-74,07455471758462","4,599576999566887"
Casa Calle 12 # 2 - 12,Candelaria,3,CL 12 # 2 - 12,"-74,07037665679144","4,5964733080185445"
Casa Calle 12 # 2 - 22,Candelaria,3,CL 12 # 2 - 22,"-74,0704399844257","4,596563212378467"
Casa Cantillo O`Leary,Candelaria,3,KR 9 # 8 - 53/55/59,"-74,07850983808383","4,597239717161517"
Casa Carrera 4 # 10 - 84,Candelaria,3,KR 4 # 10 - 84,"-74,07270797000668","4,596308357074167"
Casa Carrera 4 # 11 - 94,Candelaria,3,KR 4 # 11 - 94,"-74,07214297011716","4,597347400984464"
Casa Carrera 5 # 9 - 48,Candelaria,3,KR 5 # 9 - 48,"-74,07424362022195","4,595740277781922"
Casa Carrera 9 # 9 - 29/35,Candelaria,3,KR 9 # 9 - 29/35,"-74,07819518518929","4,598053278517379"
Casa Cural de la Catedral,Candelaria,3,KR 6 # 10 - 61,"-74,07490048362907","4,5973546960122045"
Casa de Don José Caicedo Rojas,Candelaria,3,CL 13 # 5 - 33,"-74,07146071852348","4,600638367820881"
Casa de la Fundación Gilberto Álzate Avendaño,Candelaria,3,CL 10 # 3 - 16,"-74,07239904297373","4,5954735103128765"
Casa de La Independencia,Candelaria,3,CL 10 # 3 - 45,"-74,07300946258233","4,595383628201204"
Casa de La Opera,Candelaria,3,CL 11 # 5- 16,"-74,07364272095872","4,597455005098318"
Casa de Los Comuneros,Candelaria,3,KR 8 # 9 - 83,"-74,07722830509277","4,59703818558059"
Casa de Poesía Silva,Candelaria,3,CL 14 # 3 - 41,"-74,07058141698066","4,598601252813773"
Casa del Cabildo Eclesiástico,Candelaria,3,KR 7 # 10 - 56,"-74,07541678674532","4,597774597395903"
Casa del General Pedro Alcántara Herrán,Candelaria,3,CL 11 # 5 - 51,"-74,0741515779396","4,5971767669783485"
Casa del Maestro Jorge Luis Linares,Candelaria,3,KR 1 # 12 - 35,"-74,06964627256653","4,596286410174193"
Casa Fundación  Rafael Pombo,Candelaria,3,CL 10 # 5 - 22,"-74,07417010569235","4,596506140607864"
Casa Gregorio Vásquez de Arce y Ceballos,Candelaria,3,KR 4 # 10 - 98,"-74,07325541322227","4,59571581202808"
Casa Antonio Nariño,Puente Aranda,3,CL 10 Sur # 38A - 25,"-74,11490360768457","4,602716740561752"
Casa Natal de Rufino José Cuervo - Instituto Caro y Cuervo,Candelaria,3,CL 10 # 4 -69,"-74,07398495572576","4,595743931124285"
Casa Natal José María Vergara y Vergara,Candelaria,3,CL 12 # 3 - 96,"-74,07202366306763","4,597554712444892"
Casa Republicana - Manzana Norte - Biblioteca Luis Ángel Arango,Candelaria,3,CL 11 # 4 - 14,"-74,07282525494848","4,596999135181342"
Casa Sanz de Santamaría,Candelaria,3,KR 5 # 9 - 10,"-74,0744193827938","4,59549335298359"
Casa Sede de la Sociedad Bolivariana de Colombia,Candelaria,3,AC 20 # 5 - 17 Este,"-74,0637478814104","4,6019491284968534"
Casa Sede de la Sociedad Económica de Amigos del País,Candelaria,3,CL 11 # 6 - 42,"-74,0746592284831","4,598173843787118"
Casa Sede Instituto Colombiano de Antropología e Historia,Candelaria,3,CL 12 # 2 - 41,"-74,07082419027947","4,596308604211815"
Casa Sede Instituto Distrital de Patrimonio Cultural,Candelaria,3,CL 12B # 2 - 58,"-74,07025050278283","4,597670817688915"
Casa Sede para el Desarrollo de La Democracia Luis Carlos Galán,Candelaria,3,CL 10 # 4 - 21,"-74,07353140262703","4,595629977277872"
Catedral Primada,Candelaria,3,AK 7 # 10 - 80,"-74,07506199981881","4,59781399965449"
Cementerio Alemán,Los Mártires,3,CL 26 # 19B - 75,"-74,07672100040071","4,618153000381436"
Cementerio Británico,Los Mártires,3,CL 26 # 17 - 91,"-74,07285545271507","4,615266513415658"
Cementerio Central,Los Mártires,3,KR 20 # 24 - 80,"-74,07672100040071","4,618153000381436"
Centro Cultural Gabriel García Márquez,Candelaria,3,CL 11 # 5 - 60,"-74,07398941316622","4,597659262233979"
Centro de Documentación - Instituto Distrital de Patrimonio Cultural,Candelaria,3,CL 12B # 2 - 96,"-74,07056529042468","4,597789166847807"
Centro Internacional,Santa Fe,3,Entre CL 26 hasta la CL 34 y entre KR 7 hasta la AV Caracas,"-74,07014799961901","4,614581000114149"
Claustro de las Aguas,Candelaria,3,KR 2 # 18A - 58,"-74,06677591628191","4,6019394212566835"
Claustro de San Agustín,Candelaria,3,KR 8 # 7 - 21,"-74,07903328460326","4,595397669399762"
Claustro Principal de la Universidad Colegio Mayor de Nuestra Señora del Rosario,Candelaria,3,CL 12C # 6 -25,"-74,07324745864045","4,600288365613983"
Club del Comercio,Chapinero,3,CL 62 # 5 - 88,"-74,05953294028323","4,647276271643301"
Colección de Instrumentos Musicales - José Ignacio Perdomo Escobar Manzana Norte - Biblioteca Luis Ángel Arango,Candelaria,3,CL 11 # 4 - 14,"-74,07282525494848","4,596999135181342"
Colección Pizano,Teusaquillo,3,KR 30 45-03 Ciudad Universitaria ED 102 (Biblioteca Gabriel García Márquez),"-74,08476399982173","4,638001999647044"
Colegio Mayor de San Bartolomé,Candelaria,3,KR 7 # 9 - 96,"-74,07638579584905","4,596508159793697"
Conjunto de Edificios Centro Urbano Centro Nariño,Teusaquillo,3,"KR 40, CL 22 F, KR 38, AV de las Américas, AV de la Esperanza (DG 22B)","-74,08892800018407","4,627636999558871"
Conjunto de Edificios de la Universidad Nacional de Colombia,Teusaquillo,3,Entre AV 30 y KR 50 y entre AC 26 y DG 40,"-74,08330400032979","4,6363570001199195"
Conjunto de Edificios del Centro Administrativo Nacional,Teusaquillo,3,Entre TV 39 y 45 y entre AC 26 y DG 40,"-74,09465499997053","4,644036000331038"
Custodia La Lechuga (Iglesia San Ignacio),Candelaria,3,CL 11 # 4 - 93,"-74,07357408787436","4,596770056654782"
Edificio Academia Colombiana de la Lengua,Santa Fe,3,KR 3 # 17 - 34,"-74,06845151413697","4,601592715729313"
Edificio Academia Superior de Artes de Bogotá,Santa Fe,3,KR 13 # 14 - 69,"-74,07845833317701","4,604682954620943"
Edificio Bavaria Davivienda,Santa Fe,3,KR 10 # 27 - 91,"-74,06971030897157","4,615393646229092"
Edificio Conjunto de Vivienda Torres del Parque,Santa Fe,3,CL 27 con KR 5,"-74,06748999967766","4,612679999871585"
Edificio Copropietarios Las Aguas,Candelaria,3,CL 16 # 3 - 08,"-74,069119728656","4,600550571796358"
Edificio Cubillos,Candelaria,3,KR 8 # 14 - 45,"-74,07457452633494","4,601906212841721"
Edificio de Posgrados de la Universidad de Bogotá Jorge Tadeo Lozano,Santa Fe,3,AV 3 CL 22 ESQ,"-74,06675499990884","4,606676999854937"
Edificio del Concejo de  Bogotá,Teusaquillo,3,CL 34 # 27 - 36,"-74,07785000035481","4,624850000439852"
Edificio del Gun Club,Santa Fe,3,CL 16 # 7 - 76,"-74,07334532559908","4,603140359244352"
Edificio del Hotel Tequendama,Santa Fe,3,KR 10 # 26 - 21,"-74,07070558391587","4,613201212672798"
Edificio del Jockey Club,Santa Fe,3,KR 6 # 15 - 18,"-74,07215816152693","4,601421471168487"
Edificio Ecopetrol,Santa Fe,3,KR 13 # 36 - 24,"-74,06730274944995","4,624094162522869"
Edificio El Tiempo Citytv,Candelaria,3,AC 13 # 6 - 77,"-74,0733500004318","4,601184000395208"
Edificio Jefatura de Reclutamiento y Control de Reservas,Los Mártires,3,CL 9 y 10 entre KR 14 y 15,"-74,0824180000499","4,600877000136656"
Edificio Monserrate,Candelaria,3,AC 13 # 4 - 49,"-74,07072199074622","4,600446957251323"
Edificio Museo de Arquitectura Leopoldo Rother,Teusaquillo,3,KR 30 # 45 - 03 Ciudad Universitaria ED 207,"-74,08272500019656","4,638360000412548"
Edificio Museo de Arte de la Universidad Nacional,Teusaquillo,3,KR 30 # 45 - 03 ED 317,"-74,08567411357879","4,638411290972897"
Edificio Palma Real,Santa Fe,3,KR 13 # 28 - 01,"-74,07013071513464","4,615994810133443"
Edificio Pedro A. López,Candelaria,3,AC 13 # 7 - 65,"-74,07430944247776","4,601546187033999"
Edificio Quiosco de la Luz,Santa Fe,3,AK 7 No 26 - 07 - Parque De La Independencia,"-74,06905600037312","4,611101000244308"
Edificio Samper Brush,Santa Fe,3,AC 13 # 10 - 58,"-74,07734050018018","4,602386886297711"
"Edificio Sede de la Dirección de Patrimonio, Artes, Etnografía y Fomento Regional",Candelaria,3,CL 9 # 8 - 31,"-74,07766078910484","4,596970300689641"
Edificio Sociedad Colombiana de Ingenieros,Candelaria,3,KR 4A # 10 - 41,"-74,07309400033877","4,596267000016526"
Edificio Torre Colpatria,Santa Fe,3,KR 7A # 24 - 89,"-74,07025800012218","4,610955000417922"
Edificio Vengoechea,Candelaria,3,KR 5 # 11 - 68,"-74,07357071380217","4,597154077797579"
Edificio World Service,Santa Fe,3,KR 5 # 11 - 68,"-74,07357071380217","4,597154077797579"
Edificio y Pasaje Hernández,Candelaria,3,KR 8 # 12 - 35,"-74,07558337661982","4,600031406506018"
Edificios Cavas y Falcas,Santa Fe,3,KR 13 con CL 28A (Parque Central Bavaria),"-74,06941100020036","4,61638199956808"
Eje Ambiental - Paseo de la Avenida Jiménez de Quesada,Candelaria,3,KR 10 a la KR 3 por la AC 13,"-74,06885200015861","4,600922000392847"
Escultura Abstracta,Santa Fe,3,"AV Caracas con AV 6, costado Suroriental","-74,08133000010366","4,595686999870147"
Escultura al maestro Cesar Rincón,Santa Fe,3,KR 6 # 26 - 50 Plaza de Toros La Santamaría,"-74,06871499989126","4,613040000342557"
Escultura Ala Solar,Teusaquillo,3,AC 26 con AV de las Américas,"-74,08016799963924","4,625039999564882"
Escultura del Buen Ciudadano,Candelaria,3,KR 8 # 9 - 83,"-74,07722830509277","4,59703818558059"
Escultura del Mono de la Pila (replica),Santa Fe,3,KR 7 CL 27,"-74,06963799998107","4,613501999769254"
Escultura El Mono de la Pila,Candelaria,3,KR 6 # 9 - 77,"-74,0752655580622","4,596682614742127"
Escultura Hombre a Caballo,Los Mártires,3,SC 26 y KR 22,"-74,07654700032343","4,620152355102184"
Escultura Homenaje a las Telecomunicaciones,Santa Fe,3,"KR 13 CL 23, ESQ Suroccidental","-74,07356200014391","4,6105309995744905"
Escultura La Rebeca,Santa Fe,3,"AC 26 KR 13, costado suroriental","-74,07151199974979","4,612246000160543"
Escultura la Virgen del Campo,Santa Fe,3,KR 7 con CL 26 Iglesia de San Diego,"-74,06994299957961","4,612722999939947"
Escultura Las Edades de Bogotá,Santa Fe,3,KR 3 CL 22 ESQ noroccidental,"-74,06691700029053","4,605761000413584"
Escultura Mariposa,Santa Fe,3,"AC 13 entre KR 11 y 12, Plaza de Antonio Nariño","-74,078446588603","4,601925588819769"
Escultura Minerva,Candelaria,3,CL 11 # 4 - 14,"-74,07282525494848","4,596999135181342"
Escultura Monumento al Silencio,Santa Fe,3,AV Circunvalar CL 35,"-74,05962899983152","4,618873000065263"
Escultura Nave Espacial,Santa Fe,3,AC 26 A con KR 13 A Plazoleta Centro de Comercio Internacional,"-74,07153400038942","4,61525199983684"
Escultura Pepe Cáceres,Santa Fe,3,KR 6 # 26 - 50 Plaza de Toros La Santamaría,"-74,06871499989126","4,613040000342557"
Escultura Puerta de Bronce,Candelaria,3,KR 7 # 10 - 20,"-74,07554659150726","4,597400137040016"
Escultura Rita,Santa Fe,3,KR 7 CL 39 ESQ #roriental,"-74,06564600004617","4,6255639995832265"
Estación de La Sabana,Los Mártires,3,CL 13 # 18 - 21,"-74,08328099986527","4,607785999701202"
Estadio Nemesio Camacho El Campín,Teusaquillo,3,CL 55 A con AV Ciudad de Quito,"-74,0775659997744","4,645931999893386"
Estatua  Francisco José de Caldas,Santa Fe,3,KR 7 CL 21 - Plazoleta de Las Nieves,"-74,07151699977267","4,606391999594106"
Estatua  George Washington,Santa Fe,3,KR 7 CL 26,"-74,0702870004345","4,612241000211834"
Estatua Antonio Nariño,Candelaria,3,Plazoleta Antonio Nariño costado sur Capitolio Nacional,"-74,07667600019485","4,59696800034154"
Estatua Camilo Torres,Candelaria,3,AK 7 # 9 - 96,"-74,07583900031877","4,59715500008561"
Estatua Francisco de Paula Santander,Santa Fe,3,AK 7 CL 16 Parque Santander,"-74,07271199984903","4,6019489995564635"
Estatua Gonzalo Jiménez de Quesada,Candelaria,3,Eje Ambiental KR 6,"-74,072940000353","4,60070099982373"
Estatua José de San Martín,Santa Fe,3,AK 7 CL 32,"-74,06855900025566","4,618459000179664"
Estatua La Pola,Candelaria,3,Eje Ambiental KR 3,"-74,0676382899715","4,601638999972009"
Estatua Manuel Murillo Toro,Candelaria,3,KR 8 entre CL 12 y 13,"-74,07511831250903","4,600221999667532"
Estatua Rafael Núñez,Candelaria,3,CL 10 # 7 - 50 Patio sur Capitolio Nacional,"-74,07675800021062","4,596423999585916"
Estatua Ricardo Palma,Candelaria,3,AV 19 con CL 3,"-74,06676168966275","4,602076999726793"
Estatua Rufino José Cuervo,Candelaria,3,CL 10 entre KR 7 y 6,"-74,07577400002144","4,5972124237063765"
Estatua Simón Bolívar,Candelaria,3,Plaza de Bolívar,"-74,07607199994726","4,598051999851691"
Estatua Tomas Cipriano de Mosquera,Candelaria,3,CL 10 # 7 - 50 Patio Norte Capitolio Nacional,"-74,07640199966016","4,597405000092993"
Feria Agroexpo,Teusaquillo,1,KR 37 # 24 - 67 Corferias,"-74,09059714633878","4,630297705516181"
Feria de Las Colonias,Teusaquillo,1,KR 37 # 24 - 67 Corferias,"-74,09059714633878","4,630297705516181"
Feria Expoartesanias,Teusaquillo,1,KR 37 # 24 - 67 Corferias,"-74,09059714633878","4,630297705516181"
Feria Internacional de Bogotá  Exposición Industrial,Teusaquillo,1,KR 37 # 24 - 67 Corferias,"-74,09059714633878","4,630297705516181"
Feria Internacional del Libro de Bogotá,Teusaquillo,1,KR 37 # 24 - 67 Corferias,"-74,09059714633878","4,630297705516181"
Florero de Llorente,Candelaria,3,AK 7 # 11 - 28,"-74,07515600042848","4,598305000109592"
Hospital San José,Los Mártires,3,CL 10 # 18 - 75,"-74,08636192933733","4,603357075378896"
Hotel de La Opera,Candelaria,3,CL 10 # 5 - 72,"-74,07472187249941","4,596807569620625"
Iglesia de El Divino Salvador,Teusaquillo,3,CL 57 entre KR 17 y 18,"-74,06915500010733","4,644273000107414"
Iglesia de La Candelaria,Candelaria,3,CL 11 # 3 - 86,"-74,07246613095577","4,596773354507844"
Iglesia de La Capuchina,Santa Fe,3,KR 13 # 14 - 23,"-74,07857020576924","4,604319313631721"
Iglesia de La Concepción,Candelaria,3,KR 9 # 10 - 19,"-74,07774325893952","4,598786532021183"
Iglesia de La Tercera,Santa Fe,3,"KR 7 CL 16, ESQ suroccidental","-74,0730399999121","4,602807999796602"
Iglesia de La Veracruz,Santa Fe,3,CL 16 # 7 - 19,"-74,07303339100656","4,6025119950828275"
Iglesia de Nuestra Señora de Chiquinquirá,Chapinero,3,KR 13 No. 51-38,"-74,06493501134658","4,638422930824425"
Iglesia de Nuestra Señora de Las Nieves,Santa Fe,3,CL 20 # 6 - 18,"-74,07104399994465","4,606202907903385"
Iglesia de San Francisco,Santa Fe,3,CL 16 # 7 - 35,"-74,07317421540208","4,602234023087201"
Iglesia de San Ignacio,Candelaria,3,CL 10 # 6 - 35,"-74,07559404231719","4,596701583443517"
Iglesia de San Juan de Dios,Candelaria,3,CL 12 # 9 - 93,"-74,07743582490657","4,600488770731042"
Iglesia de Santa Ana,Teusaquillo,3,KR 17 # 33A - 14,"-74,07217487198784","4,622773088393038"
Iglesia Nuestra Señora de Las Aguas,Candelaria,3,KR 2A # 18A - 66,"-74,06675277208691","4,602362323171533"
Iglesia y Recoleta de San Diego,Santa Fe,3,CL 26 entre AK 7 y 10,"-74,06983200014983","4,612752000338536"
"La Florida (Panadería, pastelería y restaurante)",Santa Fe,3,KR 7 # 21 - 46,"-74,07065986865106","4,607324037746707"
La Puerta Falsa,Candelaria,3,CL 11 # 6 - 50,"-74,07484540702066","4,598013532429162"
Mercado de Las Pulgas Eje Ambiental,Santa Fe,3,Costado Norte del Eje Ambiental entre KR 4 y 3,"-74,06966300009545","4,601388999659988"
Mercado de Pulgas San Alejo,Santa Fe,3,KR 7 # 24 - 70,"-74,06969043194928","4,610178339289425"
Mirador Torre Colpatria,Santa Fe,3,KR 7A # 24 - 89 Piso 48,"-74,07025800012218","4,610955000417922"
Monumento a la Diosa del Agua,Kennedy,3,AV de Las Américas KR 70,"-74,13139199967162","4,629820000360747"
Monumento a los Militares y Policías caídos en Combate,Teusaquillo,3,AV Eldorado con Transversal 45,"-74,09752200014924","4,6457430002394515"
Monumento a Rafael Uribe Uribe,Santa Fe,3,KR 7 entre CL 36 y 39 Parque Nacional Enrique Olaya Herrera,"-74,06571700019128","4,623841000429446"
Monumento al Almirante José Prudencio Padilla,Teusaquillo,3,Separador Park Way de la Soledad con CL 37,"-74,07422400011782","4,62545226392267"
Monumento y Plazoleta de Banderas,Kennedy,3,AV de Las Américas,"-74,14827599982836","4,631338999921439"
Mural Teogonía de los Dioses Chibchas,Santa Fe,3,KR 10 # 26 - 21 Hotel Tequendama,"-74,07080813738534","4,61313899992523"
Museo Botero - Banco de la república,Candelaria,3,CL 11 # 4 - 41,"-74,07331566861829","4,596398025062342"
Casa de la moneda del Banco de la República - Colección Numismática,Candelaria,3,CL 11 # 4 - 93,"-74,07357408787436","4,596770056654782"
Casa Museo Jorge Eliécer Gaitán,Teusaquillo,3,CL 42 # 15 - 52,"-74,06952059197008","4,630790146560237"
Museo de Arte Colonial,Candelaria,3,KR 6 # 9 -77,"-74,0752655580622","4,596682614742127"
Museo de Arte del Banco de La República,Candelaria,3,CL 11 # 4 - 21,"-74,07298002838372","4,596486023069552"
Museo de Arte Moderno de Bogotá - MAMBO,Santa Fe,3,CL 24 # 6 - 00,"-74,06928399997875","4,610276999911015"
Museo de Bogotá - Casa del Virrey Juan Sámano,Candelaria,3,KR 4 # 10 - 18,"-74,073001831394","4,5957863000448125"
Museo de Bogotá - Casa de la Independencia,Candelaria,3,CL 10 # 3 - 61,"-74,07300946258233","4,595383628201204"
Museo de la Ciencia y el Juego,Teusaquillo,3,KR 30 No 45-03 Ciudad Universitaria Concha Acústica,"-74,08330400032979","4,6363570001199195"
Museo de La Independencia - Casa del Florero,Candelaria,3,AK 7 # 11 - 28,"-74,07515600042848","4,598305000109592"
Museo de Suelos de Colombia,Teusaquillo,3,KR 30 # 48 - 51,"-74,08567411357879","4,638411290972897"
Museo de Trajes Regionales de Colombia,Candelaria,3,CL 10 # 6 - 18,"-74,07505385928572","4,597087559336766"
Museo del Cobre,Candelaria,3,KR 6 # 12C - 28,"-74,07268323669196","4,6004281748972655"
Museo del Mar universidad Jorge Tadeo Lozano,Santa Fe,3,KR 4 # 22 - 61 MD 1 Sotano Universidad Jorge Tadeo Lozano,"-74,06823305374134","4,606990298631593"
Museo del Oro,Santa Fe,3,KR 6 # 15 - 88,"-74,0717970028501","4,601820161250564"
Museo Exposición El Hombre - Museo del ser humano,Los Mártires,3,CL 23A # 18 - 90,"-74,07721051395859","4,615778386172289"
Museo Geológico Nacional (José Royo y Gómez),Teusaquillo,3,DG 53 # 34 - 53 Servicio Geologico Colombiano,"-74,08044200017395","4,64121300038575"
Museo Histórico de La Policía Nacional,Candelaria,3,CL 9 # 9 - 27,"-74,07854891749365","4,597495002832098"
Museo Santa Clara,Candelaria,3,KR 8 # 8 - 91,"-74,0774967468525","4,596840836475993"
Museo Internacional de la Esmeralda,Santa Fe,3,CL 16 # 6 - 66 ED Avianca P 23,"-74,07240943019335","4,602579990477398"
Museo Militar,Candelaria,3,CL 10 # 4 - 92,"-74,07375634706239","4,596299318640605"
Museo Nacional de Colombia,Santa Fe,3,AK 7 # 28 - 66,"-74,06786186447604","4,615180176913145"
Museo Nacional de Geografía y Cartografía -  Agustin Codazzi,Teusaquillo,3,KR 30 # 48 - 51,"-74,08567411357879","4,638411290972897"
Museo Quinta de Bolívar,Candelaria,3,CL 21 # 4A - 30 Este,"-74,06323138066475","4,602664552895981"
Museo Sociedad de Cirugía de Bogotá - Hospital San José,Los Mártires,3,CL 10 # 18 - 75 - Aula Máxima Guillermo Fergusson,"-74,08613299997538","4,604028999919322"
Obelisco a Los Mártires,Los Mártires,3,AV Caracas con CL 9 y 10,"-74,08172400028896","4,601802000353811"
Observatorio Astronómico,Candelaria,3,"KR 8 con CL 8 (adyacente al Palacio de Nariño, sede de la Presidencia)","-74,07750399985011","4,59622299965763"
Palacio Cardenalicio,Candelaria,3,KR 7 # 10 - 20,"-74,07554659150726","4,597400137040016"
Palacio de Justicia,Candelaria,3,Plaza de Bolívar Costado Norte,"-74,07555499973832","4,5989200002132105"
Palacio de San Carlos,Candelaria,3,CL 10 # 5 - 51,"-74,07481577070112","4,596368219008856"
Palacio de San Francisco,Santa Fe,3,AC 13 # 7 - 50,"-74,07363699958867","4,6019489995564635"
Palacio Echeverri,Candelaria,3,KR 8 # 8 - 43,"-74,07778688831623","4,596651178129952"
Palacio Liévano,Candelaria,3,KR 8 # 10 - 65,"-74,07661969648778","4,5984092766843725"
Palacio Municipal,Candelaria,3,CL 10 KR 8,"-74,07681000008915","4,5982039998758575"
Park Way de la Soledad,Teusaquillo,3,AV 22 entre CL 39 y 45,"-74,07526600003332","4,628713000335894"
Parque Central Bavaria,Santa Fe,3,"CL 28 hasta la CL 32, entre KR 13 y AV Caracas","-74,069935000082","4,616751999786325"
Parque Ciudad Montes,Puente Aranda,3,CL 10A Sur # 38A - 25,"-74,1152609997254","4,602293264894014"
Parque de La Independencia,Santa Fe,3,Calle 26 Carrera 5 hasta 7 – Carrera 7 Nº 26 - 07,"-74,06826157076003","4,61136717357218"
Parque de Los Hippies o Sucre,Chapinero,3,Calle 59A hasta CL 60 con KR 8 hasta KR 9,"-74,0619433708205","4,6454983285812"
Parque de Los Periodistas,Santa Fe,3,Entre el Eje Ambiental y la CL 17 y entre KR 3 y 4,"-74,06921619334447","4,601312332903927"
Parque Mundo Aventura,Kennedy,3,Transversal 71D # 1 - 14 Sur,"-74,13530584168522","4,621328437476385"
Parque Nacional Enrique Olaya Herrera,Santa Fe,3,CL 35 # 3 - 50,"-74,06433600034208","4,62406499962678"
Parque El Renacimiento,Los Mártires,3,CL 26 con KR 22,"-74,07731089979326","4,619633391271634"
Parque Santander,Santa Fe,3,AK 7 AC 13,"-74,07261789862808","4,601949809910889"
Parque Tercer Milenio,Santa Fe,3,AC 6 # 11 - 14,"-74,08163499970217","4,597396771137542"
Parque Metropolitano Timiza - Villa del Río,Kennedy,3,Calle 56 A Sur Carrera 85,"-74,15437699970862","4,609149999938883"
Planetario de Bogotá,Santa Fe,3,CL 28 # 5 - 93,"-74,06691936375805","4,614163740245118"
Plaza de Bolívar,Candelaria,3,Entre las KR 7 y 8 y entre la CL 10 y 11,"-74,07611200013024","4,598094999908957"
Plaza de Los Mártires,Los Mártires,3,AV Caracas y KR 15 entre CL 10 y11,"-74,08182399984807","4,601846622684536"
Plaza Cultural la Santa María,Santa Fe,3,KR 6 # 26 - 50,"-74,06809274947037","4,612876067733878"
Plaza del Chorro de Quevedo,Candelaria,3,CL 13 KR 2,"-74,06968778730906","4,597228881621452"
Plazoleta de Antonio Nariño,Santa Fe,3,AC 13 entre KR 12 y 13,"-74,0784470000314","4,601925999817226"
Plazoleta de Las Nieves,Santa Fe,3,KR 7 entre CL 20 y 21,"-74,07151699977267","4,606391999594106"
Plazoleta del Concejo,Teusaquillo,3,AC 26 con Transversal 45,"-74,07823219218572","4,62484300027791"
Plazoleta del Rosario,Candelaria,3,Eje Ambiental KR 6 y 7,"-74,07290299964474","4,6007180002832175"
Plazoleta La Rebeca,Santa Fe,3,KR 13 CL 25,"-74,07147999996275","4,612283000137995"
Plazoleta Rufino José Cuervo,Candelaria,3,CL 10 entre KR 7 y 6,"-74,07527699990398","4,5971539998955695"
Portal Américas,Kennedy,3,AV Ciudad de Cali con AV Ciudad de Villavicencio,"-74,17336732732272","4,6300947113075965"
Sala de Conciertos - Manzana Norte - Biblioteca Luis Ángel Arango,Candelaria,3,CL 11 # 4 - 14,"-74,07282525494848","4,596999135181342"
Sector Comercial de la Calle 53,Teusaquillo,3,CL 53 entre KR 24 y AV Caracas,"-74,07023600038089","4,641129000381837"
Sitio del Asesinato de Jorge Eliecer Gaitán,Candelaria,3,KR 7 con CL 14,"-74,07355600029614","4,601257999708582"
Talla en madera de la iglesia de La Tercera,Santa Fe,3,"KR 7 CL 16, ESQ suroccidental","-74,0730399999121","4,602807999796602"
Teatro al Aire Libre de La Media Torta,Candelaria,3,CL 18 # 1 - 05,"-74,066642427529","4,600907985270388"
Teatro de Cristóbal Colón,Candelaria,3,CL 10 #  5 - 32,"-74,07431058693142","4,596750207751667"
Teatro El Parque,Santa Fe,3,KR 5 # 36 - 05,"-74,06368500023883","4,622980000253245"
Teatro Faenza - Auditorio Universidad Central,Santa Fe,3,CL 22 # 5 - 66,"-74,06915876315006","4,607063168225479"
Teatro Jorge Eliecer Gaitán,Santa Fe,3,KR 7 # 22 - 47,"-74,07094178783498","4,608780400485399"
Telón de Boca del Teatro de Cristóbal Colón,Candelaria,3,CL 11 # 2 - 78,"-74,07144046241214","4,596063645967299"
Templete de Bolívar,Santa Fe,3,Parque de Los Periodistas,"-74,06923100027531","4,601165999762465"
Torre del reloj del Parque Nacional,Santa Fe,3,Parque Nacional Enrique Olaya Herrera,"-74,06442800040358","4,624005999601208"
Zona Comercial de San Victorino,Santa Fe,3,Entre el Eje Ambiental y la CL 10 y entre la KR 10 y la AV Caracas,"-74,07823671340655","4,601704000271549"
Zona gastronómica de La Macarena,Santa Fe,3,Entre KR 7 y 3 y entre CL 25 y 30 Barrio La Macarena,"-74,06633821844794","4,613893999779681"
Museo Histórico Mariano Ospina Pérez,,3,AK 24 # 39 - 32,"-74,07483209847973","4,6281529230625145"
Museo Oficial Millonarios F.C.,,3,AK 30 N 57 - 60 Estadio Nemesio Camacho el Campin,"-74,07804899964815","4,646104000126597"
Museo Casa Caro y Cuervo,,3,CL 10 # 4 - 69,"-74,07398495572576","4,595743931124285"
Museo del Espacio,,3,CL 26 N 5 - 93 Planetario de Bogota,"-74,06879699990702","4,6120250004244765"
Museo de Artes Visuales de la Universidad Jorge Tadeo Lozano,,3,KR 4 #. 22 - 40,"-74,06735846745545","4,606233605377339"
Museo de Historia Natural de la Universidad  Nacional,,3,KR 30 N 45 - 03 ED 425 (Instituto de Ciencias Naturales).,"-74,08423300026739","4,637405969703336"
Museo Claustro de San Agustín UNAL,,3,KR 8 # 7 - 21,"-74,07903328460326","4,595397669399762"
Colección Museo Historia de la Medicina,,3,KR 8 # 7 - 21,"-74,07903328460326","4,595397669399762"
Colección Museo organologico musical,,3,KR 8 # 7 -21,"-74,07903328460326","4,595397669399762"
Humedal Vaca,Kennedy,4,KR 81D CL 40C Sur,"-74,16254399987652","4,6293149999754055"
Humedal Burro,Kennedy,4,KR 81D CL 40C Sur,"-74,15138700040454","4,643654000353831"
Observatorio Astronómico Nacional,Candelaria,3,"KR 8 con CL 8 (adyacente al Palacio de Nariño, sede de la Presidencia)","-74,07750399985011","4,59622299965763"
Ciclo Rosa Audiovisual,,1,KR 7 # 22 - 79,"-74,07094178783498","4,608780400485399"
Semana por la Igualdad,,1,AK 30 25 - 90 P 13,"-74,08101060230774","4,62636209737269"
"Archivo Histórico Javeriano - Juan Manuel Pacheco, SJ.",Chapinero,3,KR 5 # 39 - 00 ED Pedro Arrupe (94) P 1,"-74,06374499961497","4,629874000077443"
Plaza de Mercado Distrital La Perseverancia,Santa Fe,3,KR 5 # 30A - 30,"-74,06636572665856","4,616287109433755"
